<?xml version="1.0" encoding="UTF-8"?>
<project version="4">
  <component name="AutoImportSettings">
    <option name="autoReloadType" value="SELECTIVE" />
  </component>
  <component name="ChangeListManager">
    <list default="true" id="fcac1531-9503-4620-87cc-32dbed601106" name="Changes" comment="">
      <change afterPath="$PROJECT_DIR$/Managers/NotificationHelper.swift" afterDir="false" />
      <change afterPath="$PROJECT_DIR$/Models/Settings.swift" afterDir="false" />
      <change beforePath="$PROJECT_DIR$/Managers/TaskExecutor.swift" beforeDir="false" afterPath="$PROJECT_DIR$/Managers/TaskExecutor.swift" afterDir="false" />
      <change beforePath="$PROJECT_DIR$/Managers/TaskManager.swift" beforeDir="false" />
      <change beforePath="$PROJECT_DIR$/Managers/TaskScheduler.swift" beforeDir="false" afterPath="$PROJECT_DIR$/Managers/TaskScheduler.swift" afterDir="false" />
    </list>
    <option name="SHOW_DIALOG" value="false" />
    <option name="HIGHLIGHT_CONFLICTS" value="true" />
    <option name="HIGHLIGHT_NON_ACTIVE_CHANGELIST" value="false" />
    <option name="LAST_RESOLUTION" value="IGNORE" />
  </component>
  <component name="Git.Settings">
    <option name="RECENT_GIT_ROOT_PATH" value="$PROJECT_DIR$/.." />
  </component>
  <component name="ProjectColorInfo">{
  &quot;associatedIndex&quot;: 6
}</component>
  <component name="ProjectId" id="2rOkISYJn3Gye2VwhcEAuzQVqd1" />
  <component name="ProjectViewState">
    <option name="hideEmptyMiddlePackages" value="true" />
    <option name="showLibraryContents" value="true" />
  </component>
  <component name="PropertiesComponent">{
  &quot;keyToString&quot;: {
    &quot;RunOnceActivity.ShowReadmeOnStart&quot;: &quot;true&quot;,
    &quot;git-widget-placeholder&quot;: &quot;mac-sidebar-app&quot;,
    &quot;last_opened_file_path&quot;: &quot;/Users/tim.haselaars/Sites/ZapTasks/ZapTasks/ZapTasks/Managers&quot;,
    &quot;node.js.detected.package.eslint&quot;: &quot;true&quot;,
    &quot;node.js.detected.package.tslint&quot;: &quot;true&quot;,
    &quot;node.js.selected.package.eslint&quot;: &quot;(autodetect)&quot;,
    &quot;node.js.selected.package.tslint&quot;: &quot;(autodetect)&quot;,
    &quot;nodejs_package_manager_path&quot;: &quot;npm&quot;,
    &quot;settings.editor.selected.configurable&quot;: &quot;com.tabbyml.intellijtabby.settings.Configurable&quot;,
    &quot;vue.rearranger.settings.migration&quot;: &quot;true&quot;
  }
}</component>
  <component name="RecentsManager">
    <key name="CopyFile.RECENT_KEYS">
      <recent name="$PROJECT_DIR$/Managers" />
    </key>
  </component>
  <component name="SharedIndexes">
    <attachedChunks>
      <set>
        <option value="bundled-js-predefined-d6986cc7102b-5c90d61e3bab-JavaScript-WS-242.22855.79" />
      </set>
    </attachedChunks>
  </component>
  <component name="SpellCheckerSettings" RuntimeDictionaries="0" Folders="0" CustomDictionaries="0" DefaultDictionary="application-level" UseSingleDictionary="true" transferred="true" />
  <component name="TaskManager">
    <task active="true" id="Default" summary="Default task">
      <changelist id="fcac1531-9503-4620-87cc-32dbed601106" name="Changes" comment="" />
      <created>1736437429046</created>
      <option name="number" value="Default" />
      <option name="presentableId" value="Default" />
      <updated>1736437429046</updated>
      <workItem from="1736437430105" duration="5752000" />
      <workItem from="1736610423056" duration="20348000" />
      <workItem from="1736761841219" duration="1598000" />
      <workItem from="1736867330836" duration="404000" />
      <workItem from="1736867741445" duration="107000" />
      <workItem from="1736966561400" duration="1518000" />
      <workItem from="1737058119881" duration="14617000" />
      <workItem from="1737312951862" duration="4064000" />
      <workItem from="1737359412053" duration="1013000" />
    </task>
    <servers />
  </component>
  <component name="TypeScriptGeneratedFilesManager">
    <option name="version" value="3" />
  </component>
  <component name="UnknownFeatures">
    <option featureType="com.intellij.fileTypeFactory" implementationName="*.swift" />
  </component>
  <component name="Vcs.Log.History.Properties">
    <option name="COLUMN_ID_ORDER">
      <list>
        <option value="Default.Root" />
        <option value="Default.Author" />
        <option value="Default.Date" />
        <option value="Default.Subject" />
        <option value="GitHub.CommitStatus" />
      </list>
    </option>
  </component>
</project>